{"schemaVersion":"1.0","appDefinitionTemplate":{"id":"/providers/Microsoft.PowerApps/apps/","type":"Microsoft.PowerApps/apps","tags":{"minimumRequiredApiVersion":"2.2.0"},"properties":{"appVersion":"2019-10-01T13:34:34Z","lifeCycleId":"Published","createdByClientVersion":{"major":3,"minor":19093,"build":16,"revision":0,"majorRevision":0,"minorRevision":0},"minClientVersion":{"major":3,"minor":19093,"build":16,"revision":0,"majorRevision":0,"minorRevision":0},"backgroundColor":"rgba(0, 176, 240, 1)","backgroundImageUri":"/16362240828084918547/Nc61102cc-b5d9-4a73-b964-7f07d1604d59-logoSmallFile","displayName":"Cafe Canvas","description":"","commitMessage":"","appUris":{"documentUri":{"value":"/16362240828084918547/N6d071a95-7842-4337-9c26-766e2e7b4709-document.msapp","readonlyValue":"/16362240828084918547/N6d071a95-7842-4337-9c26-766e2e7b4709-document.msapp"},"imageUris":[]},"createdTime":"0001-01-01T00:00:00Z","lastModifiedTime":"0001-01-01T00:00:00Z","sharedGroupsCount":0,"sharedUsersCount":0,"icons":{"smallIconUri":"/16362240828084918547/N3db72e15-ae08-4524-a7a0-9d15cb5eb258-small.png","mediumIconUri":"/16362240828084918547/N9c926b99-cf41-409d-99b4-ad27780d76f9-medium.png","largeIconUri":"/16362240828084918547/Nf946a916-29da-4711-a541-32fdd2e57cdf-large.png","wideIconUri":"/16362240828084918547/N939370d5-45d0-471a-aad0-8018d5f74bd6-wide.png"},"connectionReferences":{},"authorizationReferences":[{"resourceId":"https://powerappsdemosep.crm.dynamics.com/"}],"databaseReferences":{"922ea6db-e015-4bea-bb23-ef59d7291a79":{"databaseDetails":{"referenceType":"Environmental","environmentName":"922ea6db-e015-4bea-bb23-ef59d7291a79"},"dataSources":{"Orders":{"entitySetName":"ord_orders","logicalName":"ord_order"},"Order Selected Items":{"entitySetName":"ord_orderselecteditems","logicalName":"ord_orderselecteditem"},"Selected Item Properties":{"entitySetName":"ord_selecteditempropertieses","logicalName":"ord_selecteditemproperties"},"Order Item":{"entitySetName":"ord_orderitems","logicalName":"ord_orderitem"},"Order Item Properties":{"entitySetName":"ord_orderitempropertieses","logicalName":"ord_orderitemproperties"}}}},"almMode":"Environment"},"appComponents":[]}}